metric,domain,series,case,mean,std,count
utility,Laptop,MiPN_expert,case1,0.843055,0.121668,1000
utility,Laptop,MiPN_expert,case2,0.719791,0.271145,1000
utility,Laptop,MiPN_expert,case3,0.705692,0.241569,1000
utility,Laptop,MiPN_expert,case4,0.625097,0.351402,1000
utility,Laptop,MiPN_expert,case5,0.684165,0.280816,1000
utility,Laptop,MiPN_expert,case6,0.661414,0.242780,1000
utility,Laptop,MiPN_general,case1,0.702373,0.267944,1000
utility,Laptop,MiPN_general,case2,0.703197,0.228721,1000
utility,Laptop,MiPN_general,case3,0.652631,0.165304,1000
utility,Laptop,MiPN_general,case4,0.575159,0.125163,1000
utility,Laptop,MiPN_general,case5,0.654502,0.161043,1000
utility,Laptop,MiPN_general,case6,0.700819,0.058127,1000
utility,Laptop,Transformer_expert,case1,0.789125,0.103294,1000
utility,Laptop,Transformer_expert,case2,0.792622,0.089948,1000
utility,Laptop,Transformer_expert,case3,0.739543,0.094159,1000
utility,Laptop,Transformer_expert,case4,0.695934,0.121346,1000
utility,Laptop,Transformer_expert,case5,0.801300,0.089545,1000
utility,Laptop,Transformer_expert,case6,0.795000,0.090664,1000
utility,Laptop,Transformer_general,case1,0.717590,0.135076,1000
utility,Laptop,Transformer_general,case2,0.737832,0.124948,1000
utility,Laptop,Transformer_general,case3,0.717102,0.075515,1000
utility,Laptop,Transformer_general,case4,0.778050,0.109867,1000
utility,Laptop,Transformer_general,case5,0.700550,0.011278,1000
utility,Laptop,Transformer_general,case6,0.494750,0.340793,1000
utility,ItexvsCypress,MiPN_expert,case1,0.407233,0.350220,1000
utility,ItexvsCypress,MiPN_expert,case2,0.376563,0.370250,1000
utility,ItexvsCypress,MiPN_expert,case3,0.523178,0.338627,1000
utility,ItexvsCypress,MiPN_expert,case4,0.741318,0.260399,1000
utility,ItexvsCypress,MiPN_expert,case5,0.705631,0.207890,1000
utility,ItexvsCypress,MiPN_expert,case6,0.675952,0.167455,1000
utility,ItexvsCypress,MiPN_general,case1,0.301325,0.170368,1000
utility,ItexvsCypress,MiPN_general,case2,0.372755,0.141943,1000
utility,ItexvsCypress,MiPN_general,case3,0.572013,0.237923,1000
utility,ItexvsCypress,MiPN_general,case4,0.633910,0.252648,1000
utility,ItexvsCypress,MiPN_general,case5,0.546514,0.288031,1000
utility,ItexvsCypress,MiPN_general,case6,0.646473,0.174987,1000
utility,ItexvsCypress,Transformer_expert,case1,0.558714,0.104889,1000
utility,ItexvsCypress,Transformer_expert,case2,0.459962,0.176003,1000
utility,ItexvsCypress,Transformer_expert,case3,0.738872,0.188339,1000
utility,ItexvsCypress,Transformer_expert,case4,0.806142,0.143833,1000
utility,ItexvsCypress,Transformer_expert,case5,0.727608,0.223388,1000
utility,ItexvsCypress,Transformer_expert,case6,0.797426,0.152278,1000
utility,ItexvsCypress,Transformer_general,case1,0.401186,0.171646,1000
utility,ItexvsCypress,Transformer_general,case2,0.437252,0.168435,1000
utility,ItexvsCypress,Transformer_general,case3,0.589232,0.247735,1000
utility,ItexvsCypress,Transformer_general,case4,0.650928,0.186180,1000
utility,ItexvsCypress,Transformer_general,case5,0.456247,0.148432,1000
utility,ItexvsCypress,Transformer_general,case6,0.498840,0.104424,1000
utility,IS_BT_Acquisition,MiPN_expert,case1,0.780529,0.236702,1000
utility,IS_BT_Acquisition,MiPN_expert,case2,0.807449,0.243552,1000
utility,IS_BT_Acquisition,MiPN_expert,case3,0.850881,0.130950,1000
utility,IS_BT_Acquisition,MiPN_expert,case4,0.810362,0.235513,1000
utility,IS_BT_Acquisition,MiPN_expert,case5,0.841720,0.187607,1000
utility,IS_BT_Acquisition,MiPN_expert,case6,0.704524,0.188592,1000
utility,IS_BT_Acquisition,MiPN_general,case1,0.808514,0.176151,1000
utility,IS_BT_Acquisition,MiPN_general,case2,0.710574,0.273456,1000
utility,IS_BT_Acquisition,MiPN_general,case3,0.809477,0.086857,1000
utility,IS_BT_Acquisition,MiPN_general,case4,0.807999,0.037320,1000
utility,IS_BT_Acquisition,MiPN_general,case5,0.644063,0.217704,1000
utility,IS_BT_Acquisition,MiPN_general,case6,0.709202,0.071728,1000
utility,IS_BT_Acquisition,Transformer_expert,case1,0.865868,0.063954,1000
utility,IS_BT_Acquisition,Transformer_expert,case2,0.849096,0.072252,1000
utility,IS_BT_Acquisition,Transformer_expert,case3,0.863115,0.059981,1000
utility,IS_BT_Acquisition,Transformer_expert,case4,0.844815,0.062261,1000
utility,IS_BT_Acquisition,Transformer_expert,case5,0.808804,0.111558,1000
utility,IS_BT_Acquisition,Transformer_expert,case6,0.839215,0.112230,1000
utility,IS_BT_Acquisition,Transformer_general,case1,0.859335,0.088095,1000
utility,IS_BT_Acquisition,Transformer_general,case2,0.817213,0.093029,1000
utility,IS_BT_Acquisition,Transformer_general,case3,0.834966,0.061721,1000
utility,IS_BT_Acquisition,Transformer_general,case4,0.716266,0.129848,1000
utility,IS_BT_Acquisition,Transformer_general,case5,0.710747,0.134584,1000
utility,IS_BT_Acquisition,Transformer_general,case6,0.839873,0.062054,1000
utility,Grocery,MiPN_expert,case1,0.630040,0.283938,1000
utility,Grocery,MiPN_expert,case2,0.650110,0.310119,1000
utility,Grocery,MiPN_expert,case3,0.648735,0.374186,1000
utility,Grocery,MiPN_expert,case4,0.777810,0.240309,1000
utility,Grocery,MiPN_expert,case5,0.690990,0.223993,1000
utility,Grocery,MiPN_expert,case6,0.759038,0.151095,1000
utility,Grocery,MiPN_general,case1,0.421470,0.163058,1000
utility,Grocery,MiPN_general,case2,0.351215,0.132804,1000
utility,Grocery,MiPN_general,case3,0.579640,0.217016,1000
utility,Grocery,MiPN_general,case4,0.645390,0.193561,1000
utility,Grocery,MiPN_general,case5,0.563650,0.313131,1000
utility,Grocery,MiPN_general,case6,0.768005,0.123431,1000
utility,Grocery,Transformer_expert,case1,0.645735,0.185371,1000
utility,Grocery,Transformer_expert,case2,0.660755,0.185248,1000
utility,Grocery,Transformer_expert,case3,0.739995,0.199810,1000
utility,Grocery,Transformer_expert,case4,0.779095,0.139991,1000
utility,Grocery,Transformer_expert,case5,0.784596,0.137406,1000
utility,Grocery,Transformer_expert,case6,0.842523,0.079194,1000
utility,Grocery,Transformer_general,case1,0.558285,0.186890,1000
utility,Grocery,Transformer_general,case2,0.511070,0.172710,1000
utility,Grocery,Transformer_general,case3,0.565900,0.220147,1000
utility,Grocery,Transformer_general,case4,0.723735,0.157501,1000
utility,Grocery,Transformer_general,case5,0.651848,0.106406,1000
utility,Grocery,Transformer_general,case6,0.671523,0.161871,1000
utility,thompson,MiPN_expert,case1,0.432300,0.331815,1000
utility,thompson,MiPN_expert,case2,0.700770,0.321605,1000
utility,thompson,MiPN_expert,case3,0.415205,0.340238,1000
utility,thompson,MiPN_expert,case4,0.379395,0.295685,1000
utility,thompson,MiPN_expert,case5,0.828906,0.237617,1000
utility,thompson,MiPN_expert,case6,0.594745,0.275732,1000
utility,thompson,MiPN_general,case1,0.371952,0.255508,1000
utility,thompson,MiPN_general,case2,0.464423,0.271873,1000
utility,thompson,MiPN_general,case3,0.216905,0.170344,1000
utility,thompson,MiPN_general,case4,0.236063,0.140489,1000
utility,thompson,MiPN_general,case5,0.569787,0.236193,1000
utility,thompson,MiPN_general,case6,0.586758,0.149518,1000
utility,thompson,Transformer_expert,case1,0.590035,0.191013,1000
utility,thompson,Transformer_expert,case2,0.631605,0.142015,1000
utility,thompson,Transformer_expert,case3,0.517388,0.168338,1000
utility,thompson,Transformer_expert,case4,0.548203,0.169528,1000
utility,thompson,Transformer_expert,case5,0.712076,0.115167,1000
utility,thompson,Transformer_expert,case6,0.664299,0.137711,1000
utility,thompson,Transformer_general,case1,0.500385,0.199719,1000
utility,thompson,Transformer_general,case2,0.545038,0.173441,1000
utility,thompson,Transformer_general,case3,0.404388,0.165781,1000
utility,thompson,Transformer_general,case4,0.608039,0.131238,1000
utility,thompson,Transformer_general,case5,0.667538,0.124060,1000
utility,thompson,Transformer_general,case6,0.670264,0.066896,1000
utility,Car,MiPN_expert,case1,0.196415,0.283467,1000
utility,Car,MiPN_expert,case2,0.297748,0.346251,1000
utility,Car,MiPN_expert,case3,0.702061,0.353788,1000
utility,Car,MiPN_expert,case4,0.806286,0.194178,1000
utility,Car,MiPN_expert,case5,0.545431,0.282109,1000
utility,Car,MiPN_expert,case6,0.668576,0.218375,1000
utility,Car,MiPN_general,case1,0.247991,0.276775,1000
utility,Car,MiPN_general,case2,0.521474,0.321013,1000
utility,Car,MiPN_general,case3,0.802770,0.247747,1000
utility,Car,MiPN_general,case4,0.821200,0.202825,1000
utility,Car,MiPN_general,case5,0.639762,0.166663,1000
utility,Car,MiPN_general,case6,0.651681,0.219692,1000
utility,Car,Transformer_expert,case1,0.692253,0.166218,1000
utility,Car,Transformer_expert,case2,0.743744,0.170184,1000
utility,Car,Transformer_expert,case3,0.846877,0.161115,1000
utility,Car,Transformer_expert,case4,0.887598,0.106818,1000
utility,Car,Transformer_expert,case5,0.705838,0.163122,1000
utility,Car,Transformer_expert,case6,0.697091,0.094181,1000
utility,Car,Transformer_general,case1,0.680619,0.180510,1000
utility,Car,Transformer_general,case2,0.634634,0.161263,1000
utility,Car,Transformer_general,case3,0.772446,0.190158,1000
utility,Car,Transformer_general,case4,0.605759,0.127181,1000
utility,Car,Transformer_general,case5,0.556803,0.123277,1000
utility,Car,Transformer_general,case6,0.499511,0.133448,1000
utility,EnergySmall_A,MiPN_expert,case1,0.186925,0.284045,1000
utility,EnergySmall_A,MiPN_expert,case2,0.188763,0.309248,1000
utility,EnergySmall_A,MiPN_expert,case3,0.400007,0.352645,1000
utility,EnergySmall_A,MiPN_expert,case4,0.549240,0.281141,1000
utility,EnergySmall_A,MiPN_expert,case5,0.293589,0.335997,1000
utility,EnergySmall_A,MiPN_expert,case6,0.559095,0.239640,1000
utility,EnergySmall_A,MiPN_general,case1,0.096469,0.194364,1000
utility,EnergySmall_A,MiPN_general,case2,0.207195,0.277897,1000
utility,EnergySmall_A,MiPN_general,case3,0.492548,0.251766,1000
utility,EnergySmall_A,MiPN_general,case4,0.569396,0.265255,1000
utility,EnergySmall_A,MiPN_general,case5,0.407383,0.249241,1000
utility,EnergySmall_A,MiPN_general,case6,0.539473,0.247455,1000
utility,EnergySmall_A,Transformer_expert,case1,0.442433,0.175575,1000
utility,EnergySmall_A,Transformer_expert,case2,0.448284,0.188865,1000
utility,EnergySmall_A,Transformer_expert,case3,0.569362,0.211758,1000
utility,EnergySmall_A,Transformer_expert,case4,0.602406,0.163452,1000
utility,EnergySmall_A,Transformer_expert,case5,0.505297,0.189207,1000
utility,EnergySmall_A,Transformer_expert,case6,0.467088,0.222325,1000
utility,EnergySmall_A,Transformer_general,case1,0.411757,0.177782,1000
utility,EnergySmall_A,Transformer_general,case2,0.391714,0.173317,1000
utility,EnergySmall_A,Transformer_general,case3,0.448885,0.172310,1000
utility,EnergySmall_A,Transformer_general,case4,0.496903,0.151448,1000
utility,EnergySmall_A,Transformer_general,case5,0.413695,0.104993,1000
utility,EnergySmall_A,Transformer_general,case6,0.364224,0.119181,1000
steps,Laptop,MiPN_expert,case1,40.209000,23.816409,1000
steps,Laptop,MiPN_expert,case2,49.180000,24.269273,1000
steps,Laptop,MiPN_expert,case3,43.119000,25.266081,1000
steps,Laptop,MiPN_expert,case4,48.136000,24.421374,1000
steps,Laptop,MiPN_expert,case5,40.666000,27.101669,1000
steps,Laptop,MiPN_expert,case6,39.717000,27.051043,1000
steps,Laptop,MiPN_general,case1,49.221000,25.414133,1000
steps,Laptop,MiPN_general,case2,51.794000,19.859345,1000
steps,Laptop,MiPN_general,case3,29.744000,24.207818,1000
steps,Laptop,MiPN_general,case4,30.257000,21.375709,1000
steps,Laptop,MiPN_general,case5,28.112000,23.901913,1000
steps,Laptop,MiPN_general,case6,24.977000,21.374014,1000
steps,Laptop,Transformer_expert,case1,29.499000,19.911303,1000
steps,Laptop,Transformer_expert,case2,31.662000,19.599228,1000
steps,Laptop,Transformer_expert,case3,27.996000,19.526238,1000
steps,Laptop,Transformer_expert,case4,26.994000,20.296501,1000
steps,Laptop,Transformer_expert,case5,27.147000,20.292200,1000
steps,Laptop,Transformer_expert,case6,26.913000,19.367122,1000
steps,Laptop,Transformer_general,case1,41.507000,19.812823,1000
steps,Laptop,Transformer_general,case2,45.432000,20.623030,1000
steps,Laptop,Transformer_general,case3,38.424000,21.349619,1000
steps,Laptop,Transformer_general,case4,39.357000,20.893625,1000
steps,Laptop,Transformer_general,case5,40.290000,27.429107,1000
steps,Laptop,Transformer_general,case6,62.087000,20.945678,1000
steps,ItexvsCypress,MiPN_expert,case1,44.774000,29.993315,1000
steps,ItexvsCypress,MiPN_expert,case2,56.318000,27.143266,1000
steps,ItexvsCypress,MiPN_expert,case3,52.461000,25.257840,1000
steps,ItexvsCypress,MiPN_expert,case4,53.320000,19.195145,1000
steps,ItexvsCypress,MiPN_expert,case5,49.922000,22.804515,1000
steps,ItexvsCypress,MiPN_expert,case6,50.334000,22.640019,1000
steps,ItexvsCypress,MiPN_general,case1,50.479000,23.901790,1000
steps,ItexvsCypress,MiPN_general,case2,51.442000,23.326008,1000
steps,ItexvsCypress,MiPN_general,case3,43.702000,24.290517,1000
steps,ItexvsCypress,MiPN_general,case4,44.124000,22.557496,1000
steps,ItexvsCypress,MiPN_general,case5,51.071000,23.991831,1000
steps,ItexvsCypress,MiPN_general,case6,45.487000,21.947707,1000
steps,ItexvsCypress,Transformer_expert,case1,31.569000,21.329023,1000
steps,ItexvsCypress,Transformer_expert,case2,21.762000,16.508584,1000
steps,ItexvsCypress,Transformer_expert,case3,41.211000,25.157434,1000
steps,ItexvsCypress,Transformer_expert,case4,43.943000,19.386587,1000
steps,ItexvsCypress,Transformer_expert,case5,39.810000,23.002215,1000
steps,ItexvsCypress,Transformer_expert,case6,43.701000,17.807347,1000
steps,ItexvsCypress,Transformer_general,case1,40.410000,19.746086,1000
steps,ItexvsCypress,Transformer_general,case2,43.196000,20.999466,1000
steps,ItexvsCypress,Transformer_general,case3,49.896000,20.614441,1000
steps,ItexvsCypress,Transformer_general,case4,49.236000,17.664266,1000
steps,ItexvsCypress,Transformer_general,case5,54.801000,17.882041,1000
steps,ItexvsCypress,Transformer_general,case6,56.247000,19.639348,1000
steps,IS_BT_Acquisition,MiPN_expert,case1,41.555000,23.346926,1000
steps,IS_BT_Acquisition,MiPN_expert,case2,37.519000,28.423399,1000
steps,IS_BT_Acquisition,MiPN_expert,case3,37.362000,28.892022,1000
steps,IS_BT_Acquisition,MiPN_expert,case4,38.782000,26.777611,1000
steps,IS_BT_Acquisition,MiPN_expert,case5,45.335000,26.275364,1000
steps,IS_BT_Acquisition,MiPN_expert,case6,36.131000,24.659113,1000
steps,IS_BT_Acquisition,MiPN_general,case1,43.000000,26.308326,1000
steps,IS_BT_Acquisition,MiPN_general,case2,58.911000,19.226988,1000
steps,IS_BT_Acquisition,MiPN_general,case3,28.508000,23.157244,1000
steps,IS_BT_Acquisition,MiPN_general,case4,22.446000,19.822842,1000
steps,IS_BT_Acquisition,MiPN_general,case5,34.164000,26.346140,1000
steps,IS_BT_Acquisition,MiPN_general,case6,27.497000,19.644745,1000
steps,IS_BT_Acquisition,Transformer_expert,case1,23.652000,20.486847,1000
steps,IS_BT_Acquisition,Transformer_expert,case2,22.674000,18.286381,1000
steps,IS_BT_Acquisition,Transformer_expert,case3,21.849000,19.432246,1000
steps,IS_BT_Acquisition,Transformer_expert,case4,19.521000,18.326526,1000
steps,IS_BT_Acquisition,Transformer_expert,case5,26.004000,20.585286,1000
steps,IS_BT_Acquisition,Transformer_expert,case6,25.368000,18.825583,1000
steps,IS_BT_Acquisition,Transformer_general,case1,35.466000,26.026503,1000
steps,IS_BT_Acquisition,Transformer_general,case2,43.343000,21.530103,1000
steps,IS_BT_Acquisition,Transformer_general,case3,42.807000,20.455213,1000
steps,IS_BT_Acquisition,Transformer_general,case4,43.577000,22.074874,1000
steps,IS_BT_Acquisition,Transformer_general,case5,40.330000,20.009575,1000
steps,IS_BT_Acquisition,Transformer_general,case6,50.112000,20.792486,1000
steps,Grocery,MiPN_expert,case1,46.313000,24.472822,1000
steps,Grocery,MiPN_expert,case2,44.138000,28.852573,1000
steps,Grocery,MiPN_expert,case3,40.873000,26.541117,1000
steps,Grocery,MiPN_expert,case4,48.518000,24.378837,1000
steps,Grocery,MiPN_expert,case5,43.766000,27.010132,1000
steps,Grocery,MiPN_expert,case6,43.132000,24.153397,1000
steps,Grocery,MiPN_general,case1,33.009000,23.614718,1000
steps,Grocery,MiPN_general,case2,54.244000,22.559443,1000
steps,Grocery,MiPN_general,case3,37.673000,21.960921,1000
steps,Grocery,MiPN_general,case4,40.721000,24.936663,1000
steps,Grocery,MiPN_general,case5,46.283000,28.136931,1000
steps,Grocery,MiPN_general,case6,34.825000,24.184383,1000
steps,Grocery,Transformer_expert,case1,20.636000,17.297037,1000
steps,Grocery,Transformer_expert,case2,34.659000,22.101509,1000
steps,Grocery,Transformer_expert,case3,31.312000,24.344089,1000
steps,Grocery,Transformer_expert,case4,35.851000,24.075024,1000
steps,Grocery,Transformer_expert,case5,30.490000,24.788826,1000
steps,Grocery,Transformer_expert,case6,29.615000,23.218974,1000
steps,Grocery,Transformer_general,case1,40.687000,24.044148,1000
steps,Grocery,Transformer_general,case2,44.867000,20.335076,1000
steps,Grocery,Transformer_general,case3,49.006000,21.480036,1000
steps,Grocery,Transformer_general,case4,50.096000,19.400433,1000
steps,Grocery,Transformer_general,case5,53.676000,19.053111,1000
steps,Grocery,Transformer_general,case6,51.397000,19.587889,1000
steps,thompson,MiPN_expert,case1,54.005000,26.235796,1000
steps,thompson,MiPN_expert,case2,54.579000,23.841471,1000
steps,thompson,MiPN_expert,case3,51.952000,24.937035,1000
steps,thompson,MiPN_expert,case4,45.865000,28.179758,1000
steps,thompson,MiPN_expert,case5,57.002000,20.348759,1000
steps,thompson,MiPN_expert,case6,51.346000,23.789289,1000
steps,thompson,MiPN_general,case1,52.584000,23.313707,1000
steps,thompson,MiPN_general,case2,45.867000,23.992193,1000
steps,thompson,MiPN_general,case3,25.945000,23.119991,1000
steps,thompson,MiPN_general,case4,25.522000,20.733198,1000
steps,thompson,MiPN_general,case5,51.135000,23.213461,1000
steps,thompson,MiPN_general,case6,45.323000,21.715402,1000
steps,thompson,Transformer_expert,case1,42.099000,22.390516,1000
steps,thompson,Transformer_expert,case2,44.706000,20.707911,1000
steps,thompson,Transformer_expert,case3,41.529000,21.449969,1000
steps,thompson,Transformer_expert,case4,43.404000,20.825052,1000
steps,thompson,Transformer_expert,case5,44.562000,21.864770,1000
steps,thompson,Transformer_expert,case6,45.185000,21.366300,1000
steps,thompson,Transformer_general,case1,45.903000,21.181869,1000
steps,thompson,Transformer_general,case2,47.136000,19.083645,1000
steps,thompson,Transformer_general,case3,44.655000,20.360206,1000
steps,thompson,Transformer_general,case4,48.137000,19.539811,1000
steps,thompson,Transformer_general,case5,49.395000,19.809265,1000
steps,thompson,Transformer_general,case6,48.150000,21.306231,1000
steps,Car,MiPN_expert,case1,9.092000,15.468792,1000
steps,Car,MiPN_expert,case2,18.843000,24.411890,1000
steps,Car,MiPN_expert,case3,42.905000,21.506743,1000
steps,Car,MiPN_expert,case4,39.414000,23.959896,1000
steps,Car,MiPN_expert,case5,42.299000,25.797046,1000
steps,Car,MiPN_expert,case6,35.021000,21.230934,1000
steps,Car,MiPN_general,case1,16.582000,21.778643,1000
steps,Car,MiPN_general,case2,38.837000,30.828630,1000
steps,Car,MiPN_general,case3,38.593000,22.839338,1000
steps,Car,MiPN_general,case4,40.653000,23.239376,1000
steps,Car,MiPN_general,case5,38.229000,27.144991,1000
steps,Car,MiPN_general,case6,33.462000,22.708161,1000
steps,Car,Transformer_expert,case1,38.136000,16.749314,1000
steps,Car,Transformer_expert,case2,37.947000,26.690863,1000
steps,Car,Transformer_expert,case3,36.450000,20.258221,1000
steps,Car,Transformer_expert,case4,40.527000,25.261339,1000
steps,Car,Transformer_expert,case5,29.052000,24.322239,1000
steps,Car,Transformer_expert,case6,28.695000,20.487117,1000
steps,Car,Transformer_general,case1,38.859000,16.639805,1000
steps,Car,Transformer_general,case2,40.077000,23.894415,1000
steps,Car,Transformer_general,case3,41.823000,17.226249,1000
steps,Car,Transformer_general,case4,33.465000,18.609911,1000
steps,Car,Transformer_general,case5,34.224000,17.638759,1000
steps,Car,Transformer_general,case6,43.353000,25.325331,1000
steps,EnergySmall_A,MiPN_expert,case1,38.962000,31.631291,1000
steps,EnergySmall_A,MiPN_expert,case2,40.661000,34.900431,1000
steps,EnergySmall_A,MiPN_expert,case3,53.431000,25.609085,1000
steps,EnergySmall_A,MiPN_expert,case4,47.030000,21.229392,1000
steps,EnergySmall_A,MiPN_expert,case5,57.851000,24.399074,1000
steps,EnergySmall_A,MiPN_expert,case6,46.457000,20.275161,1000
steps,EnergySmall_A,MiPN_general,case1,17.761000,23.387729,1000
steps,EnergySmall_A,MiPN_general,case2,38.960000,31.421400,1000
steps,EnergySmall_A,MiPN_general,case3,46.327000,21.063620,1000
steps,EnergySmall_A,MiPN_general,case4,47.604000,21.666822,1000
steps,EnergySmall_A,MiPN_general,case5,50.411000,24.467817,1000
steps,EnergySmall_A,MiPN_general,case6,45.932000,21.062131,1000
steps,EnergySmall_A,Transformer_expert,case1,46.191000,19.678580,1000
steps,EnergySmall_A,Transformer_expert,case2,49.185000,19.524210,1000
steps,EnergySmall_A,Transformer_expert,case3,46.194000,20.846783,1000
steps,EnergySmall_A,Transformer_expert,case4,48.111000,21.429668,1000
steps,EnergySmall_A,Transformer_expert,case5,44.937000,21.784330,1000
steps,EnergySmall_A,Transformer_expert,case6,47.999000,20.814202,1000
steps,EnergySmall_A,Transformer_general,case1,47.857000,19.958972,1000
steps,EnergySmall_A,Transformer_general,case2,48.262000,20.469571,1000
steps,EnergySmall_A,Transformer_general,case3,49.508000,18.508105,1000
steps,EnergySmall_A,Transformer_general,case4,49.316000,20.002453,1000
steps,EnergySmall_A,Transformer_general,case5,50.454000,18.358646,1000
steps,EnergySmall_A,Transformer_general,case6,52.167000,22.455893,1000
step_efficiency,Laptop,MiPN_expert,case1,0.043083,0.048108,1000
step_efficiency,Laptop,MiPN_expert,case2,0.028473,0.037100,1000
step_efficiency,Laptop,MiPN_expert,case3,0.032684,0.036585,1000
step_efficiency,Laptop,MiPN_expert,case4,0.030598,0.047550,1000
step_efficiency,Laptop,MiPN_expert,case5,0.047536,0.056464,1000
step_efficiency,Laptop,MiPN_expert,case6,0.040971,0.046100,1000
step_efficiency,Laptop,MiPN_general,case1,0.026399,0.032063,1000
step_efficiency,Laptop,MiPN_general,case2,0.018153,0.013924,1000
step_efficiency,Laptop,MiPN_general,case3,0.053151,0.057402,1000
step_efficiency,Laptop,MiPN_general,case4,0.041019,0.050199,1000
step_efficiency,Laptop,MiPN_general,case5,0.059803,0.055336,1000
step_efficiency,Laptop,MiPN_general,case6,0.073761,0.068069,1000
step_efficiency,Laptop,Transformer_expert,case1,0.048789,0.036941,1000
step_efficiency,Laptop,Transformer_expert,case2,0.046230,0.042777,1000
step_efficiency,Laptop,Transformer_expert,case3,0.047148,0.035019,1000
step_efficiency,Laptop,Transformer_expert,case4,0.075942,0.093630,1000
step_efficiency,Laptop,Transformer_expert,case5,0.086254,0.100455,1000
step_efficiency,Laptop,Transformer_expert,case6,0.083617,0.100583,1000
step_efficiency,Laptop,Transformer_general,case1,0.029025,0.038561,1000
step_efficiency,Laptop,Transformer_general,case2,0.028985,0.043091,1000
step_efficiency,Laptop,Transformer_general,case3,0.037235,0.049968,1000
step_efficiency,Laptop,Transformer_general,case4,0.042699,0.063282,1000
step_efficiency,Laptop,Transformer_general,case5,0.078293,0.099642,1000
step_efficiency,Laptop,Transformer_general,case6,0.012827,0.017248,1000
step_efficiency,ItexvsCypress,MiPN_expert,case1,0.017907,0.015403,1000
step_efficiency,ItexvsCypress,MiPN_expert,case2,0.014733,0.021072,1000
step_efficiency,ItexvsCypress,MiPN_expert,case3,0.020808,0.026031,1000
step_efficiency,ItexvsCypress,MiPN_expert,case4,0.015272,0.006421,1000
step_efficiency,ItexvsCypress,MiPN_expert,case5,0.029704,0.044437,1000
step_efficiency,ItexvsCypress,MiPN_expert,case6,0.022016,0.025385,1000
step_efficiency,ItexvsCypress,MiPN_general,case1,0.010501,0.014637,1000
step_efficiency,ItexvsCypress,MiPN_general,case2,0.012366,0.016802,1000
step_efficiency,ItexvsCypress,MiPN_general,case3,0.031400,0.046522,1000
step_efficiency,ItexvsCypress,MiPN_general,case4,0.024355,0.038989,1000
step_efficiency,ItexvsCypress,MiPN_general,case5,0.026900,0.044658,1000
step_efficiency,ItexvsCypress,MiPN_general,case6,0.022642,0.025981,1000
step_efficiency,ItexvsCypress,Transformer_expert,case1,0.046352,0.066799,1000
step_efficiency,ItexvsCypress,Transformer_expert,case2,0.046796,0.061100,1000
step_efficiency,ItexvsCypress,Transformer_expert,case3,0.055825,0.081307,1000
step_efficiency,ItexvsCypress,Transformer_expert,case4,0.044034,0.078113,1000
step_efficiency,ItexvsCypress,Transformer_expert,case5,0.055189,0.087183,1000
step_efficiency,ItexvsCypress,Transformer_expert,case6,0.031852,0.042661,1000
step_efficiency,ItexvsCypress,Transformer_general,case1,0.018069,0.027854,1000
step_efficiency,ItexvsCypress,Transformer_general,case2,0.018725,0.029809,1000
step_efficiency,ItexvsCypress,Transformer_general,case3,0.020075,0.029868,1000
step_efficiency,ItexvsCypress,Transformer_general,case4,0.020233,0.030319,1000
step_efficiency,ItexvsCypress,Transformer_general,case5,0.010970,0.010491,1000
step_efficiency,ItexvsCypress,Transformer_general,case6,0.012621,0.012678,1000
step_efficiency,IS_BT_Acquisition,MiPN_expert,case1,0.039000,0.049052,1000
step_efficiency,IS_BT_Acquisition,MiPN_expert,case2,0.044467,0.036433,1000
step_efficiency,IS_BT_Acquisition,MiPN_expert,case3,0.061648,0.061127,1000
step_efficiency,IS_BT_Acquisition,MiPN_expert,case4,0.053653,0.062804,1000
step_efficiency,IS_BT_Acquisition,MiPN_expert,case5,0.034134,0.034997,1000
step_efficiency,IS_BT_Acquisition,MiPN_expert,case6,0.036658,0.033068,1000
step_efficiency,IS_BT_Acquisition,MiPN_general,case1,0.037774,0.040229,1000
step_efficiency,IS_BT_Acquisition,MiPN_general,case2,0.015039,0.010719,1000
step_efficiency,IS_BT_Acquisition,MiPN_general,case3,0.063695,0.053829,1000
step_efficiency,IS_BT_Acquisition,MiPN_general,case4,0.082855,0.069052,1000
step_efficiency,IS_BT_Acquisition,MiPN_general,case5,0.050218,0.058680,1000
step_efficiency,IS_BT_Acquisition,MiPN_general,case6,0.045408,0.038196,1000
step_efficiency,IS_BT_Acquisition,Transformer_expert,case1,0.104022,0.102986,1000
step_efficiency,IS_BT_Acquisition,Transformer_expert,case2,0.076040,0.064675,1000
step_efficiency,IS_BT_Acquisition,Transformer_expert,case3,0.091842,0.089406,1000
step_efficiency,IS_BT_Acquisition,Transformer_expert,case4,0.116592,0.112511,1000
step_efficiency,IS_BT_Acquisition,Transformer_expert,case5,0.090047,0.108382,1000
step_efficiency,IS_BT_Acquisition,Transformer_expert,case6,0.071113,0.070195,1000
step_efficiency,IS_BT_Acquisition,Transformer_general,case1,0.076713,0.093920,1000
step_efficiency,IS_BT_Acquisition,Transformer_general,case2,0.033518,0.044319,1000
step_efficiency,IS_BT_Acquisition,Transformer_general,case3,0.036112,0.052675,1000
step_efficiency,IS_BT_Acquisition,Transformer_general,case4,0.029692,0.042577,1000
step_efficiency,IS_BT_Acquisition,Transformer_general,case5,0.032547,0.047872,1000
step_efficiency,IS_BT_Acquisition,Transformer_general,case6,0.024491,0.023343,1000
step_efficiency,Grocery,MiPN_expert,case1,0.020408,0.017704,1000
step_efficiency,Grocery,MiPN_expert,case2,0.027126,0.026868,1000
step_efficiency,Grocery,MiPN_expert,case3,0.036270,0.036246,1000
step_efficiency,Grocery,MiPN_expert,case4,0.025268,0.025302,1000
step_efficiency,Grocery,MiPN_expert,case5,0.037283,0.039379,1000
step_efficiency,Grocery,MiPN_expert,case6,0.034587,0.036053,1000
step_efficiency,Grocery,MiPN_general,case1,0.027562,0.033063,1000
step_efficiency,Grocery,MiPN_general,case2,0.012534,0.017546,1000
step_efficiency,Grocery,MiPN_general,case3,0.027642,0.025654,1000
step_efficiency,Grocery,MiPN_general,case4,0.028401,0.025375,1000
step_efficiency,Grocery,MiPN_general,case5,0.033350,0.039744,1000
step_efficiency,Grocery,MiPN_general,case6,0.045634,0.040808,1000
step_efficiency,Grocery,Transformer_expert,case1,0.070499,0.086957,1000
step_efficiency,Grocery,Transformer_expert,case2,0.044229,0.064317,1000
step_efficiency,Grocery,Transformer_expert,case3,0.065457,0.084935,1000
step_efficiency,Grocery,Transformer_expert,case4,0.064006,0.091643,1000
step_efficiency,Grocery,Transformer_expert,case5,0.082822,0.101087,1000
step_efficiency,Grocery,Transformer_expert,case6,0.073498,0.084736,1000
step_efficiency,Grocery,Transformer_general,case1,0.027530,0.033646,1000
step_efficiency,Grocery,Transformer_general,case2,0.020895,0.033841,1000
step_efficiency,Grocery,Transformer_general,case3,0.021341,0.034571,1000
step_efficiency,Grocery,Transformer_general,case4,0.022556,0.033375,1000
step_efficiency,Grocery,Transformer_general,case5,0.017168,0.020368,1000
step_efficiency,Grocery,Transformer_general,case6,0.023563,0.040100,1000
step_efficiency,thompson,MiPN_expert,case1,0.018665,0.027969,1000
step_efficiency,thompson,MiPN_expert,case2,0.017765,0.012750,1000
step_efficiency,thompson,MiPN_expert,case3,0.016679,0.025461,1000
step_efficiency,thompson,MiPN_expert,case4,0.017580,0.027829,1000
step_efficiency,thompson,MiPN_expert,case5,0.019683,0.017002,1000
step_efficiency,thompson,MiPN_expert,case6,0.021597,0.024966,1000
step_efficiency,thompson,MiPN_general,case1,0.015246,0.023927,1000
step_efficiency,thompson,MiPN_general,case2,0.013743,0.011930,1000
step_efficiency,thompson,MiPN_general,case3,0.022528,0.029798,1000
step_efficiency,thompson,MiPN_general,case4,0.022332,0.028940,1000
step_efficiency,thompson,MiPN_general,case5,0.017473,0.018856,1000
step_efficiency,thompson,MiPN_general,case6,0.027781,0.040160,1000
step_efficiency,thompson,Transformer_expert,case1,0.038581,0.066850,1000
step_efficiency,thompson,Transformer_expert,case2,0.040639,0.079354,1000
step_efficiency,thompson,Transformer_expert,case3,0.035540,0.069411,1000
step_efficiency,thompson,Transformer_expert,case4,0.039580,0.079291,1000
step_efficiency,thompson,Transformer_expert,case5,0.043137,0.080981,1000
step_efficiency,thompson,Transformer_expert,case6,0.025135,0.025698,1000
step_efficiency,thompson,Transformer_general,case1,0.021967,0.032512,1000
step_efficiency,thompson,Transformer_general,case2,0.018499,0.027379,1000
step_efficiency,thompson,Transformer_general,case3,0.017101,0.027508,1000
step_efficiency,thompson,Transformer_general,case4,0.021608,0.031818,1000
step_efficiency,thompson,Transformer_general,case5,0.022612,0.035167,1000
step_efficiency,thompson,Transformer_general,case6,0.025241,0.032951,1000
step_efficiency,Car,MiPN_expert,case1,0.025074,0.035659,1000
step_efficiency,Car,MiPN_expert,case2,0.036049,0.044754,1000
step_efficiency,Car,MiPN_expert,case3,0.026862,0.023664,1000
step_efficiency,Car,MiPN_expert,case4,0.036794,0.034107,1000
step_efficiency,Car,MiPN_expert,case5,0.032529,0.040533,1000
step_efficiency,Car,MiPN_expert,case6,0.038821,0.046748,1000
step_efficiency,Car,MiPN_general,case1,0.032562,0.051897,1000
step_efficiency,Car,MiPN_general,case2,0.025195,0.023460,1000
step_efficiency,Car,MiPN_general,case3,0.049379,0.063659,1000
step_efficiency,Car,MiPN_general,case4,0.041615,0.051943,1000
step_efficiency,Car,MiPN_general,case5,0.049858,0.067271,1000
step_efficiency,Car,MiPN_general,case6,0.044694,0.060966,1000
step_efficiency,Car,Transformer_expert,case1,0.046686,0.088600,1000
step_efficiency,Car,Transformer_expert,case2,0.075526,0.104974,1000
step_efficiency,Car,Transformer_expert,case3,0.061323,0.092668,1000
step_efficiency,Car,Transformer_expert,case4,0.065575,0.094350,1000
step_efficiency,Car,Transformer_expert,case5,0.101472,0.121728,1000
step_efficiency,Car,Transformer_expert,case6,0.058093,0.076197,1000
step_efficiency,Car,Transformer_general,case1,0.045732,0.088840,1000
step_efficiency,Car,Transformer_general,case2,0.037211,0.053292,1000
step_efficiency,Car,Transformer_general,case3,0.036669,0.061009,1000
step_efficiency,Car,Transformer_general,case4,0.037340,0.052607,1000
step_efficiency,Car,Transformer_general,case5,0.036009,0.050920,1000
step_efficiency,Car,Transformer_general,case6,0.028427,0.042647,1000
step_efficiency,EnergySmall_A,MiPN_expert,case1,0.009846,0.021740,1000
step_efficiency,EnergySmall_A,MiPN_expert,case2,0.011160,0.024730,1000
step_efficiency,EnergySmall_A,MiPN_expert,case3,0.020313,0.032806,1000
step_efficiency,EnergySmall_A,MiPN_expert,case4,0.013618,0.008570,1000
step_efficiency,EnergySmall_A,MiPN_expert,case5,0.012919,0.021451,1000
step_efficiency,EnergySmall_A,MiPN_expert,case6,0.016481,0.016184,1000
step_efficiency,EnergySmall_A,MiPN_general,case1,0.009106,0.020752,1000
step_efficiency,EnergySmall_A,MiPN_general,case2,0.007489,0.011672,1000
step_efficiency,EnergySmall_A,MiPN_general,case3,0.022432,0.032266,1000
step_efficiency,EnergySmall_A,MiPN_general,case4,0.015370,0.011921,1000
step_efficiency,EnergySmall_A,MiPN_general,case5,0.018843,0.026793,1000
step_efficiency,EnergySmall_A,MiPN_general,case6,0.015896,0.015228,1000
step_efficiency,EnergySmall_A,Transformer_expert,case1,0.029696,0.064247,1000
step_efficiency,EnergySmall_A,Transformer_expert,case2,0.024069,0.051131,1000
step_efficiency,EnergySmall_A,Transformer_expert,case3,0.037418,0.072911,1000
step_efficiency,EnergySmall_A,Transformer_expert,case4,0.034552,0.069610,1000
step_efficiency,EnergySmall_A,Transformer_expert,case5,0.029533,0.051874,1000
step_efficiency,EnergySmall_A,Transformer_expert,case6,0.016630,0.020482,1000
step_efficiency,EnergySmall_A,Transformer_general,case1,0.015817,0.026874,1000
step_efficiency,EnergySmall_A,Transformer_general,case2,0.014126,0.022374,1000
step_efficiency,EnergySmall_A,Transformer_general,case3,0.015008,0.022950,1000
step_efficiency,EnergySmall_A,Transformer_general,case4,0.016470,0.025368,1000
step_efficiency,EnergySmall_A,Transformer_general,case5,0.014544,0.021891,1000
step_efficiency,EnergySmall_A,Transformer_general,case6,0.009688,0.008719,1000
